Order_ID,Order_Date,Customer_ID,Customer_Name,Plant,Product_Type,Quantity_Ordered,Defects_Reported,Order_Status
PO-10000,2024-01-01,CUST-101,Volkswagen Group,Bremen,Engine ECU,282,1,Shipped
PO-10001,2024-01-02,CUST-106,Ford-Werke GmbH,Munich,Engine ECU,273,5,Completed
PO-10002,2024-01-03,CUST-103,Porsche AG,Hanover,Transmission ECU,368,2,Completed
PO-10003,2024-01-04,CUST-102,Mercedes-Benz AG,Munich,Battery ECU,461,5,Processing
PO-10004,2024-01-05,CUST-100,BMW Group,Leipzig,ADAS ECU,109,0,Completed
PO-10005,2024-01-06,CUST-100,BMW Group,Ingolstadt,ADAS ECU,384,1,Completed
PO-10006,2024-01-07,CUST-100,BMW Group,Wolfsburg,ADAS ECU,271,1,Completed
PO-10007,2024-01-08,CUST-104,Audi AG,Bremen,Battery ECU,86,2,Shipped
PO-10008,2024-01-09,CUST-102,Mercedes-Benz AG,Stuttgart,Battery ECU,327,1,Completed
PO-10009,2024-01-10,CUST-103,Porsche AG,Wolfsburg,Transmission ECU,245,1,Processing
PO-10010,2024-01-11,CUST-100,BMW Group,Leipzig,Engine ECU,453,0,Completed
PO-10011,2024-01-12,CUST-106,Ford-Werke GmbH,Hanover,Transmission ECU,401,3,Completed
PO-10012,2024-01-13,CUST-104,Audi AG,Stuttgart,Transmission ECU,291,3,Completed
PO-10013,2024-01-14,CUST-100,BMW Group,Nuremberg,Battery ECU,373,0,Shipped
PO-10014,2024-01-15,CUST-100,BMW Group,Regensburg,ADAS ECU,268,1,Completed
PO-10015,2024-01-16,CUST-100,BMW Group,Stuttgart,ABS ECU,241,2,Shipped
PO-10016,2024-01-17,CUST-101,Volkswagen Group,Berlin,Engine ECU,66,5,Completed
PO-10017,2024-01-18,CUST-102,Mercedes-Benz AG,Leipzig,Battery ECU,61,1,Completed
PO-10018,2024-01-19,CUST-101,Volkswagen Group,Dresden,ADAS ECU,455,3,Completed
PO-10019,2024-01-20,CUST-101,Volkswagen Group,Regensburg,ABS ECU,450,0,Shipped
PO-10020,2024-01-21,CUST-102,Mercedes-Benz AG,Munich,ABS ECU,443,2,Completed
PO-10021,2024-01-22,CUST-100,BMW Group,Bremen,Battery ECU,423,1,Completed
PO-10022,2024-01-23,CUST-101,Volkswagen Group,Munich,Body ECU,242,1,Completed
PO-10023,2024-01-24,CUST-101,Volkswagen Group,Stuttgart,Engine ECU,71,2,Shipped
PO-10024,2024-01-25,CUST-101,Volkswagen Group,Munich,ABS ECU,169,2,Completed
PO-10025,2024-01-26,CUST-103,Porsche AG,Berlin,Battery ECU,259,1,Completed
PO-10026,2024-01-27,CUST-100,BMW Group,Leipzig,Battery ECU,355,1,Completed
PO-10027,2024-01-28,CUST-102,Mercedes-Benz AG,Nuremberg,ADAS ECU,319,1,Completed
PO-10028,2024-01-29,CUST-102,Mercedes-Benz AG,Hanover,Body ECU,241,1,Completed
PO-10029,2024-01-30,CUST-100,BMW Group,Bremen,Engine ECU,224,3,Shipped
PO-10030,2024-01-31,CUST-102,Mercedes-Benz AG,Berlin,Transmission ECU,334,2,Shipped
PO-10031,2024-02-01,CUST-100,BMW Group,Berlin,ADAS ECU,253,5,Completed
PO-10032,2024-02-02,CUST-100,BMW Group,Munich,ABS ECU,213,1,Completed
PO-10033,2024-02-03,CUST-106,Ford-Werke GmbH,Munich,ABS ECU,300,3,Completed
PO-10034,2024-02-04,CUST-106,Ford-Werke GmbH,Stuttgart,ADAS ECU,276,2,Completed
PO-10035,2024-02-05,CUST-104,Audi AG,Hanover,Battery ECU,485,3,Completed
PO-10036,2024-02-06,CUST-101,Volkswagen Group,Wolfsburg,ABS ECU,430,3,Completed
PO-10037,2024-02-07,CUST-100,BMW Group,Munich,Body ECU,56,3,Completed
PO-10038,2024-02-08,CUST-103,Porsche AG,Leipzig,Engine ECU,78,0,Completed
PO-10039,2024-02-09,CUST-101,Volkswagen Group,Dresden,Body ECU,444,3,Completed
PO-10040,2024-02-10,CUST-100,BMW Group,Bremen,ABS ECU,82,2,Completed
PO-10041,2024-02-11,CUST-101,Volkswagen Group,Munich,Transmission ECU,183,1,Completed
PO-10042,2024-02-12,CUST-100,BMW Group,Leipzig,Engine ECU,416,2,Completed
PO-10043,2024-02-13,CUST-105,Opel Automobile GmbH,Leipzig,Engine ECU,128,3,Completed
PO-10044,2024-02-14,CUST-101,Volkswagen Group,Bremen,ADAS ECU,465,0,Completed
PO-10045,2024-02-15,CUST-102,Mercedes-Benz AG,Wolfsburg,ADAS ECU,484,2,Completed
PO-10046,2024-02-16,CUST-101,Volkswagen Group,Leipzig,Transmission ECU,107,0,Completed
PO-10047,2024-02-17,CUST-102,Mercedes-Benz AG,Dresden,Battery ECU,75,0,Completed
PO-10048,2024-02-18,CUST-102,Mercedes-Benz AG,Leipzig,Engine ECU,479,2,Completed
PO-10049,2024-02-19,CUST-100,BMW Group,Leipzig,Transmission ECU,275,1,Completed
PO-10050,2024-02-20,CUST-106,Ford-Werke GmbH,Leipzig,ADAS ECU,334,0,Shipped
PO-10051,2024-02-21,CUST-103,Porsche AG,Nuremberg,ADAS ECU,53,1,Completed
PO-10052,2024-02-22,CUST-105,Opel Automobile GmbH,Nuremberg,Engine ECU,148,2,Completed
PO-10053,2024-02-23,CUST-104,Audi AG,Wolfsburg,Body ECU,446,3,Completed
PO-10054,2024-02-24,CUST-102,Mercedes-Benz AG,Munich,ABS ECU,88,4,Completed
PO-10055,2024-02-25,CUST-105,Opel Automobile GmbH,Leipzig,ADAS ECU,320,2,Completed
PO-10056,2024-02-26,CUST-100,BMW Group,Hanover,Battery ECU,424,2,Completed
PO-10057,2024-02-27,CUST-100,BMW Group,Munich,Battery ECU,334,2,Completed
PO-10058,2024-02-28,CUST-100,BMW Group,Wolfsburg,ADAS ECU,206,0,Completed
PO-10059,2024-02-29,CUST-101,Volkswagen Group,Ingolstadt,Body ECU,124,2,Completed
PO-10060,2024-03-01,CUST-101,Volkswagen Group,Munich,Body ECU,421,3,Completed
PO-10061,2024-03-02,CUST-101,Volkswagen Group,Munich,Transmission ECU,337,1,Processing
PO-10062,2024-03-03,CUST-104,Audi AG,Regensburg,Battery ECU,179,6,Completed
PO-10063,2024-03-04,CUST-101,Volkswagen Group,Stuttgart,Transmission ECU,224,1,Completed
PO-10064,2024-03-05,CUST-101,Volkswagen Group,Regensburg,Battery ECU,133,3,Completed
PO-10065,2024-03-06,CUST-102,Mercedes-Benz AG,Dresden,ABS ECU,71,1,Processing
PO-10066,2024-03-07,CUST-100,BMW Group,Nuremberg,ABS ECU,76,1,Completed
PO-10067,2024-03-08,CUST-104,Audi AG,Nuremberg,Engine ECU,244,3,Completed
PO-10068,2024-03-09,CUST-100,BMW Group,Stuttgart,Transmission ECU,386,3,Completed
PO-10069,2024-03-10,CUST-107,MAN Truck & Bus,Bremen,ADAS ECU,431,3,Completed
PO-10070,2024-03-11,CUST-103,Porsche AG,Bremen,Transmission ECU,285,1,Completed
PO-10071,2024-03-12,CUST-100,BMW Group,Wolfsburg,ADAS ECU,489,6,Completed
PO-10072,2024-03-13,CUST-100,BMW Group,Berlin,Body ECU,141,0,Completed
PO-10073,2024-03-14,CUST-104,Audi AG,Stuttgart,Transmission ECU,70,1,Completed
PO-10074,2024-03-15,CUST-103,Porsche AG,Munich,Body ECU,352,4,Completed
PO-10075,2024-03-16,CUST-103,Porsche AG,Bremen,ABS ECU,406,0,Completed
PO-10076,2024-03-17,CUST-103,Porsche AG,Leipzig,ABS ECU,492,5,Completed
PO-10077,2024-03-18,CUST-100,BMW Group,Berlin,Engine ECU,133,2,Completed
PO-10078,2024-03-19,CUST-101,Volkswagen Group,Hanover,Transmission ECU,311,1,Completed
PO-10079,2024-03-20,CUST-100,BMW Group,Munich,Body ECU,196,0,Processing
PO-10080,2024-03-21,CUST-104,Audi AG,Dresden,ADAS ECU,490,0,Completed
PO-10081,2024-03-22,CUST-102,Mercedes-Benz AG,Leipzig,ABS ECU,436,4,Completed
PO-10082,2024-03-23,CUST-101,Volkswagen Group,Leipzig,ABS ECU,306,2,Completed
PO-10083,2024-03-24,CUST-100,BMW Group,Stuttgart,ADAS ECU,107,2,Processing
PO-10084,2024-03-25,CUST-101,Volkswagen Group,Berlin,Body ECU,429,1,Completed
PO-10085,2024-03-26,CUST-101,Volkswagen Group,Wolfsburg,Body ECU,471,0,Completed
PO-10086,2024-03-27,CUST-103,Porsche AG,Dresden,Transmission ECU,64,2,Completed
PO-10087,2024-03-28,CUST-102,Mercedes-Benz AG,Bremen,Transmission ECU,211,1,Completed
PO-10088,2024-03-29,CUST-104,Audi AG,Stuttgart,Battery ECU,494,3,Completed
PO-10089,2024-03-30,CUST-101,Volkswagen Group,Bremen,Battery ECU,212,0,Completed
PO-10090,2024-03-31,CUST-100,BMW Group,Stuttgart,Engine ECU,369,1,Completed
PO-10091,2024-04-01,CUST-103,Porsche AG,Stuttgart,ABS ECU,330,1,Processing
PO-10092,2024-04-02,CUST-103,Porsche AG,Stuttgart,Transmission ECU,329,4,Completed
PO-10093,2024-04-03,CUST-102,Mercedes-Benz AG,Berlin,Body ECU,61,3,Completed
PO-10094,2024-04-04,CUST-103,Porsche AG,Wolfsburg,ADAS ECU,323,2,Completed
PO-10095,2024-04-05,CUST-101,Volkswagen Group,Stuttgart,Body ECU,320,2,Completed
PO-10096,2024-04-06,CUST-102,Mercedes-Benz AG,Ingolstadt,ABS ECU,257,2,Completed
PO-10097,2024-04-07,CUST-101,Volkswagen Group,Hanover,Battery ECU,76,2,Completed
PO-10098,2024-04-08,CUST-100,BMW Group,Bremen,Body ECU,121,2,Completed
PO-10099,2024-04-09,CUST-100,BMW Group,Munich,Engine ECU,109,1,Shipped
PO-10100,2024-04-10,CUST-100,BMW Group,Regensburg,ABS ECU,479,0,Shipped
PO-10101,2024-04-11,CUST-102,Mercedes-Benz AG,Dresden,Battery ECU,194,4,Completed
PO-10102,2024-04-12,CUST-101,Volkswagen Group,Nuremberg,ADAS ECU,142,0,Completed
PO-10103,2024-04-13,CUST-102,Mercedes-Benz AG,Wolfsburg,Battery ECU,358,3,Shipped
PO-10104,2024-04-14,CUST-105,Opel Automobile GmbH,Munich,Engine ECU,57,1,Completed
PO-10105,2024-04-15,CUST-100,BMW Group,Leipzig,ABS ECU,128,2,Shipped
PO-10106,2024-04-16,CUST-101,Volkswagen Group,Ingolstadt,ADAS ECU,76,2,Completed
PO-10107,2024-04-17,CUST-103,Porsche AG,Nuremberg,Engine ECU,223,5,Completed
PO-10108,2024-04-18,CUST-100,BMW Group,Regensburg,Battery ECU,99,1,Completed
PO-10109,2024-04-19,CUST-100,BMW Group,Munich,Engine ECU,248,1,Completed
PO-10110,2024-04-20,CUST-101,Volkswagen Group,Nuremberg,ABS ECU,436,5,Completed
PO-10111,2024-04-21,CUST-100,BMW Group,Munich,Transmission ECU,398,1,Completed
PO-10112,2024-04-22,CUST-105,Opel Automobile GmbH,Ingolstadt,Engine ECU,497,1,Completed
PO-10113,2024-04-23,CUST-104,Audi AG,Regensburg,Engine ECU,477,3,Completed
PO-10114,2024-04-24,CUST-102,Mercedes-Benz AG,Leipzig,Battery ECU,230,0,Completed
PO-10115,2024-04-25,CUST-104,Audi AG,Stuttgart,Battery ECU,73,1,Processing
PO-10116,2024-04-26,CUST-104,Audi AG,Bremen,ADAS ECU,365,0,Completed
PO-10117,2024-04-27,CUST-100,BMW Group,Leipzig,Battery ECU,427,0,Shipped
PO-10118,2024-04-28,CUST-104,Audi AG,Stuttgart,Body ECU,436,3,Completed
PO-10119,2024-04-29,CUST-102,Mercedes-Benz AG,Berlin,ABS ECU,453,3,Completed
PO-10120,2024-04-30,CUST-104,Audi AG,Berlin,ABS ECU,95,1,Processing
PO-10121,2024-05-01,CUST-104,Audi AG,Berlin,Transmission ECU,64,2,Completed
PO-10122,2024-05-02,CUST-101,Volkswagen Group,Wolfsburg,Transmission ECU,202,0,Completed
PO-10123,2024-05-03,CUST-100,BMW Group,Hanover,ABS ECU,271,0,Completed
PO-10124,2024-05-04,CUST-100,BMW Group,Dresden,Transmission ECU,255,4,Completed
PO-10125,2024-05-05,CUST-101,Volkswagen Group,Dresden,ADAS ECU,322,1,Completed
PO-10126,2024-05-06,CUST-104,Audi AG,Berlin,Battery ECU,431,4,Shipped
PO-10127,2024-05-07,CUST-104,Audi AG,Bremen,ABS ECU,285,4,Completed
PO-10128,2024-05-08,CUST-100,BMW Group,Regensburg,Transmission ECU,389,4,Completed
PO-10129,2024-05-09,CUST-102,Mercedes-Benz AG,Ingolstadt,ABS ECU,277,2,Completed
PO-10130,2024-05-10,CUST-101,Volkswagen Group,Regensburg,Body ECU,58,2,Completed
PO-10131,2024-05-11,CUST-100,BMW Group,Ingolstadt,Engine ECU,215,3,Completed
PO-10132,2024-05-12,CUST-100,BMW Group,Regensburg,Battery ECU,481,2,Completed
PO-10133,2024-05-13,CUST-101,Volkswagen Group,Hanover,ABS ECU,493,5,Completed
PO-10134,2024-05-14,CUST-106,Ford-Werke GmbH,Wolfsburg,Engine ECU,368,5,Completed
PO-10135,2024-05-15,CUST-101,Volkswagen Group,Wolfsburg,Transmission ECU,263,1,Completed
PO-10136,2024-05-16,CUST-102,Mercedes-Benz AG,Berlin,Engine ECU,166,2,Completed
PO-10137,2024-05-17,CUST-103,Porsche AG,Stuttgart,Battery ECU,435,1,Completed
PO-10138,2024-05-18,CUST-101,Volkswagen Group,Nuremberg,ABS ECU,393,2,Completed
PO-10139,2024-05-19,CUST-107,MAN Truck & Bus,Wolfsburg,Body ECU,121,4,Shipped
PO-10140,2024-05-20,CUST-106,Ford-Werke GmbH,Wolfsburg,Transmission ECU,444,2,Completed
PO-10141,2024-05-21,CUST-101,Volkswagen Group,Leipzig,ABS ECU,113,4,Completed
PO-10142,2024-05-22,CUST-101,Volkswagen Group,Leipzig,Battery ECU,254,1,Completed
PO-10143,2024-05-23,CUST-101,Volkswagen Group,Stuttgart,Transmission ECU,258,3,Completed
PO-10144,2024-05-24,CUST-101,Volkswagen Group,Nuremberg,ADAS ECU,121,2,Completed
PO-10145,2024-05-25,CUST-100,BMW Group,Bremen,Engine ECU,326,3,Completed
PO-10146,2024-05-26,CUST-102,Mercedes-Benz AG,Leipzig,Battery ECU,323,3,Completed
PO-10147,2024-05-27,CUST-102,Mercedes-Benz AG,Bremen,ADAS ECU,369,1,Completed
PO-10148,2024-05-28,CUST-100,BMW Group,Munich,ABS ECU,387,3,Completed
PO-10149,2024-05-29,CUST-101,Volkswagen Group,Leipzig,Body ECU,415,1,Completed
PO-10150,2024-05-30,CUST-105,Opel Automobile GmbH,Hanover,Transmission ECU,144,3,Completed
PO-10151,2024-05-31,CUST-100,BMW Group,Nuremberg,Engine ECU,215,4,Completed
PO-10152,2024-06-01,CUST-100,BMW Group,Stuttgart,Transmission ECU,81,2,Processing
PO-10153,2024-06-02,CUST-101,Volkswagen Group,Munich,ABS ECU,60,3,Shipped
PO-10154,2024-06-03,CUST-107,MAN Truck & Bus,Nuremberg,Transmission ECU,350,3,Shipped
PO-10155,2024-06-04,CUST-100,BMW Group,Berlin,Engine ECU,266,3,Shipped
PO-10156,2024-06-05,CUST-102,Mercedes-Benz AG,Hanover,ABS ECU,338,3,Shipped
PO-10157,2024-06-06,CUST-103,Porsche AG,Nuremberg,Transmission ECU,151,1,Completed
PO-10158,2024-06-07,CUST-100,BMW Group,Hanover,Body ECU,474,0,Completed
PO-10159,2024-06-08,CUST-103,Porsche AG,Hanover,Battery ECU,441,4,Completed
PO-10160,2024-06-09,CUST-101,Volkswagen Group,Bremen,ABS ECU,316,1,Completed
PO-10161,2024-06-10,CUST-102,Mercedes-Benz AG,Regensburg,Battery ECU,263,2,Completed
PO-10162,2024-06-11,CUST-102,Mercedes-Benz AG,Berlin,ABS ECU,228,1,Completed
PO-10163,2024-06-12,CUST-102,Mercedes-Benz AG,Munich,Body ECU,137,5,Completed
PO-10164,2024-06-13,CUST-100,BMW Group,Nuremberg,Battery ECU,90,1,Completed
PO-10165,2024-06-14,CUST-104,Audi AG,Ingolstadt,ADAS ECU,450,2,Shipped
PO-10166,2024-06-15,CUST-101,Volkswagen Group,Munich,Engine ECU,125,2,Completed
PO-10167,2024-06-16,CUST-100,BMW Group,Regensburg,ADAS ECU,426,1,Completed
PO-10168,2024-06-17,CUST-100,BMW Group,Munich,Transmission ECU,95,0,Completed
PO-10169,2024-06-18,CUST-102,Mercedes-Benz AG,Wolfsburg,Body ECU,209,0,Completed
PO-10170,2024-06-19,CUST-102,Mercedes-Benz AG,Ingolstadt,ADAS ECU,129,2,Shipped
PO-10171,2024-06-20,CUST-100,BMW Group,Regensburg,ABS ECU,359,2,Completed
PO-10172,2024-06-21,CUST-102,Mercedes-Benz AG,Bremen,Transmission ECU,135,3,Completed
PO-10173,2024-06-22,CUST-100,BMW Group,Nuremberg,Transmission ECU,141,3,Completed
PO-10174,2024-06-23,CUST-102,Mercedes-Benz AG,Dresden,ADAS ECU,197,0,Completed
PO-10175,2024-06-24,CUST-100,BMW Group,Regensburg,ADAS ECU,210,3,Completed
PO-10176,2024-06-25,CUST-103,Porsche AG,Stuttgart,Body ECU,251,1,Completed
PO-10177,2024-06-26,CUST-101,Volkswagen Group,Nuremberg,Engine ECU,473,1,Completed
PO-10178,2024-06-27,CUST-105,Opel Automobile GmbH,Berlin,ADAS ECU,465,3,Completed
PO-10179,2024-06-28,CUST-100,BMW Group,Regensburg,ADAS ECU,291,0,Completed
PO-10180,2024-06-29,CUST-101,Volkswagen Group,Wolfsburg,Battery ECU,402,1,Shipped
PO-10181,2024-06-30,CUST-100,BMW Group,Dresden,ABS ECU,51,2,Completed
PO-10182,2024-07-01,CUST-105,Opel Automobile GmbH,Wolfsburg,Battery ECU,274,2,Shipped
PO-10183,2024-07-02,CUST-104,Audi AG,Dresden,Battery ECU,338,1,Completed
PO-10184,2024-07-03,CUST-101,Volkswagen Group,Berlin,Transmission ECU,282,1,Completed
PO-10185,2024-07-04,CUST-102,Mercedes-Benz AG,Stuttgart,Engine ECU,463,0,Completed
PO-10186,2024-07-05,CUST-104,Audi AG,Nuremberg,ABS ECU,466,1,Completed
PO-10187,2024-07-06,CUST-102,Mercedes-Benz AG,Bremen,Body ECU,126,2,Completed
PO-10188,2024-07-07,CUST-102,Mercedes-Benz AG,Wolfsburg,Body ECU,165,1,Completed
PO-10189,2024-07-08,CUST-100,BMW Group,Wolfsburg,ADAS ECU,203,4,Completed
PO-10190,2024-07-09,CUST-100,BMW Group,Hanover,ADAS ECU,455,1,Shipped
PO-10191,2024-07-10,CUST-104,Audi AG,Dresden,Body ECU,152,3,Completed
PO-10192,2024-07-11,CUST-105,Opel Automobile GmbH,Leipzig,ADAS ECU,243,1,Completed
PO-10193,2024-07-12,CUST-102,Mercedes-Benz AG,Nuremberg,Engine ECU,215,3,Completed
PO-10194,2024-07-13,CUST-101,Volkswagen Group,Dresden,Battery ECU,408,0,Completed
PO-10195,2024-07-14,CUST-101,Volkswagen Group,Hanover,ADAS ECU,139,1,Completed
PO-10196,2024-07-15,CUST-103,Porsche AG,Munich,Transmission ECU,223,2,Completed
PO-10197,2024-07-16,CUST-104,Audi AG,Dresden,ADAS ECU,171,1,Completed
PO-10198,2024-07-17,CUST-104,Audi AG,Bremen,ABS ECU,192,2,Completed
PO-10199,2024-07-18,CUST-103,Porsche AG,Nuremberg,Engine ECU,155,2,Completed
PO-10200,2024-07-19,CUST-102,Mercedes-Benz AG,Hanover,ABS ECU,424,2,Completed
PO-10201,2024-07-20,CUST-100,BMW Group,Munich,ABS ECU,477,4,Shipped
PO-10202,2024-07-21,CUST-100,BMW Group,Ingolstadt,Transmission ECU,354,2,Shipped
PO-10203,2024-07-22,CUST-104,Audi AG,Hanover,Engine ECU,409,3,Completed
PO-10204,2024-07-23,CUST-102,Mercedes-Benz AG,Ingolstadt,Engine ECU,366,2,Completed
PO-10205,2024-07-24,CUST-100,BMW Group,Nuremberg,Engine ECU,172,1,Completed
PO-10206,2024-07-25,CUST-100,BMW Group,Wolfsburg,Engine ECU,439,2,Completed
PO-10207,2024-07-26,CUST-102,Mercedes-Benz AG,Hanover,Engine ECU,58,4,Completed
PO-10208,2024-07-27,CUST-100,BMW Group,Stuttgart,Transmission ECU,311,2,Completed
PO-10209,2024-07-28,CUST-100,BMW Group,Ingolstadt,ADAS ECU,122,0,Completed
PO-10210,2024-07-29,CUST-102,Mercedes-Benz AG,Bremen,ABS ECU,408,3,Completed
PO-10211,2024-07-30,CUST-103,Porsche AG,Stuttgart,Engine ECU,272,0,Completed
PO-10212,2024-07-31,CUST-102,Mercedes-Benz AG,Regensburg,ADAS ECU,465,5,Shipped
PO-10213,2024-08-01,CUST-100,BMW Group,Regensburg,ADAS ECU,90,2,Completed
PO-10214,2024-08-02,CUST-103,Porsche AG,Munich,ABS ECU,419,3,Completed
PO-10215,2024-08-03,CUST-100,BMW Group,Wolfsburg,Transmission ECU,253,2,Shipped
PO-10216,2024-08-04,CUST-101,Volkswagen Group,Nuremberg,Body ECU,313,5,Processing
PO-10217,2024-08-05,CUST-103,Porsche AG,Hanover,Body ECU,377,2,Completed
PO-10218,2024-08-06,CUST-102,Mercedes-Benz AG,Leipzig,ADAS ECU,227,2,Completed
PO-10219,2024-08-07,CUST-104,Audi AG,Bremen,Battery ECU,397,1,Completed
PO-10220,2024-08-08,CUST-102,Mercedes-Benz AG,Ingolstadt,Battery ECU,367,1,Shipped
PO-10221,2024-08-09,CUST-102,Mercedes-Benz AG,Nuremberg,ABS ECU,133,6,Shipped
PO-10222,2024-08-10,CUST-100,BMW Group,Stuttgart,Body ECU,367,1,Completed
PO-10223,2024-08-11,CUST-101,Volkswagen Group,Berlin,ADAS ECU,160,2,Completed
PO-10224,2024-08-12,CUST-101,Volkswagen Group,Regensburg,Transmission ECU,300,0,Completed
PO-10225,2024-08-13,CUST-100,BMW Group,Berlin,Body ECU,432,4,Completed
PO-10226,2024-08-14,CUST-107,MAN Truck & Bus,Bremen,ADAS ECU,56,2,Completed
PO-10227,2024-08-15,CUST-101,Volkswagen Group,Leipzig,ADAS ECU,133,3,Shipped
PO-10228,2024-08-16,CUST-104,Audi AG,Hanover,Engine ECU,257,3,Completed
PO-10229,2024-08-17,CUST-102,Mercedes-Benz AG,Munich,Transmission ECU,437,3,Shipped
PO-10230,2024-08-18,CUST-103,Porsche AG,Leipzig,Engine ECU,439,2,Shipped
PO-10231,2024-08-19,CUST-102,Mercedes-Benz AG,Bremen,ABS ECU,363,1,Completed
PO-10232,2024-08-20,CUST-102,Mercedes-Benz AG,Leipzig,Engine ECU,71,2,Completed
PO-10233,2024-08-21,CUST-101,Volkswagen Group,Bremen,Engine ECU,459,3,Completed
PO-10234,2024-08-22,CUST-100,BMW Group,Bremen,Body ECU,432,3,Completed
PO-10235,2024-08-23,CUST-103,Porsche AG,Dresden,Battery ECU,52,3,Completed
PO-10236,2024-08-24,CUST-101,Volkswagen Group,Ingolstadt,ADAS ECU,176,2,Completed
PO-10237,2024-08-25,CUST-100,BMW Group,Berlin,Transmission ECU,346,3,Completed
PO-10238,2024-08-26,CUST-102,Mercedes-Benz AG,Regensburg,Engine ECU,237,2,Completed
PO-10239,2024-08-27,CUST-100,BMW Group,Dresden,Transmission ECU,411,0,Completed
PO-10240,2024-08-28,CUST-106,Ford-Werke GmbH,Hanover,Battery ECU,63,4,Completed
PO-10241,2024-08-29,CUST-106,Ford-Werke GmbH,Dresden,Battery ECU,61,3,Completed
PO-10242,2024-08-30,CUST-105,Opel Automobile GmbH,Wolfsburg,Engine ECU,136,2,Completed
PO-10243,2024-08-31,CUST-101,Volkswagen Group,Wolfsburg,ABS ECU,61,3,Completed
PO-10244,2024-09-01,CUST-100,BMW Group,Regensburg,Engine ECU,446,2,Completed
PO-10245,2024-09-02,CUST-105,Opel Automobile GmbH,Leipzig,Body ECU,74,1,Completed
PO-10246,2024-09-03,CUST-101,Volkswagen Group,Ingolstadt,ADAS ECU,350,4,Completed
PO-10247,2024-09-04,CUST-106,Ford-Werke GmbH,Regensburg,ABS ECU,292,3,Completed
PO-10248,2024-09-05,CUST-106,Ford-Werke GmbH,Bremen,Engine ECU,171,4,Completed
PO-10249,2024-09-06,CUST-104,Audi AG,Stuttgart,Transmission ECU,196,1,Shipped
PO-10250,2024-09-07,CUST-101,Volkswagen Group,Ingolstadt,ABS ECU,104,2,Completed
PO-10251,2024-09-08,CUST-101,Volkswagen Group,Berlin,ABS ECU,287,1,Completed
PO-10252,2024-09-09,CUST-104,Audi AG,Ingolstadt,Engine ECU,405,2,Completed
PO-10253,2024-09-10,CUST-101,Volkswagen Group,Bremen,ABS ECU,222,1,Completed
PO-10254,2024-09-11,CUST-100,BMW Group,Bremen,Transmission ECU,441,1,Completed
PO-10255,2024-09-12,CUST-102,Mercedes-Benz AG,Munich,Battery ECU,270,5,Completed
PO-10256,2024-09-13,CUST-105,Opel Automobile GmbH,Regensburg,ABS ECU,168,0,Completed
PO-10257,2024-09-14,CUST-103,Porsche AG,Bremen,Battery ECU,358,2,Completed
PO-10258,2024-09-15,CUST-102,Mercedes-Benz AG,Wolfsburg,Transmission ECU,232,4,Completed
PO-10259,2024-09-16,CUST-100,BMW Group,Hanover,Engine ECU,337,2,Completed
PO-10260,2024-09-17,CUST-102,Mercedes-Benz AG,Stuttgart,ADAS ECU,356,0,Completed
PO-10261,2024-09-18,CUST-107,MAN Truck & Bus,Berlin,ABS ECU,349,5,Processing
PO-10262,2024-09-19,CUST-100,BMW Group,Regensburg,ADAS ECU,131,2,Completed
PO-10263,2024-09-20,CUST-102,Mercedes-Benz AG,Nuremberg,Transmission ECU,451,4,Completed
PO-10264,2024-09-21,CUST-104,Audi AG,Wolfsburg,ABS ECU,260,3,Completed
PO-10265,2024-09-22,CUST-103,Porsche AG,Leipzig,Battery ECU,199,1,Completed
PO-10266,2024-09-23,CUST-103,Porsche AG,Bremen,Body ECU,86,2,Completed
PO-10267,2024-09-24,CUST-103,Porsche AG,Nuremberg,ADAS ECU,401,5,Completed
PO-10268,2024-09-25,CUST-101,Volkswagen Group,Bremen,ABS ECU,361,1,Completed
PO-10269,2024-09-26,CUST-101,Volkswagen Group,Ingolstadt,ADAS ECU,410,1,Completed
PO-10270,2024-09-27,CUST-104,Audi AG,Wolfsburg,ABS ECU,108,1,Completed
PO-10271,2024-09-28,CUST-104,Audi AG,Ingolstadt,Engine ECU,180,3,Completed
PO-10272,2024-09-29,CUST-104,Audi AG,Munich,Battery ECU,461,2,Shipped
PO-10273,2024-09-30,CUST-105,Opel Automobile GmbH,Ingolstadt,ADAS ECU,251,1,Completed
PO-10274,2024-10-01,CUST-102,Mercedes-Benz AG,Munich,Body ECU,292,0,Completed
PO-10275,2024-10-02,CUST-102,Mercedes-Benz AG,Munich,Body ECU,84,1,Completed
PO-10276,2024-10-03,CUST-103,Porsche AG,Nuremberg,Transmission ECU,494,0,Completed
PO-10277,2024-10-04,CUST-102,Mercedes-Benz AG,Bremen,ABS ECU,142,3,Completed
PO-10278,2024-10-05,CUST-103,Porsche AG,Leipzig,ADAS ECU,487,2,Completed
PO-10279,2024-10-06,CUST-103,Porsche AG,Berlin,Transmission ECU,496,0,Completed
PO-10280,2024-10-07,CUST-104,Audi AG,Ingolstadt,ADAS ECU,256,1,Completed
PO-10281,2024-10-08,CUST-101,Volkswagen Group,Berlin,ABS ECU,402,3,Completed
PO-10282,2024-10-09,CUST-101,Volkswagen Group,Wolfsburg,Body ECU,440,2,Completed
PO-10283,2024-10-10,CUST-100,BMW Group,Munich,Engine ECU,381,1,Shipped
PO-10284,2024-10-11,CUST-102,Mercedes-Benz AG,Bremen,Body ECU,354,3,Completed
PO-10285,2024-10-12,CUST-100,BMW Group,Stuttgart,Transmission ECU,399,4,Completed
PO-10286,2024-10-13,CUST-101,Volkswagen Group,Regensburg,Battery ECU,262,0,Completed
PO-10287,2024-10-14,CUST-102,Mercedes-Benz AG,Nuremberg,Engine ECU,208,1,Completed
PO-10288,2024-10-15,CUST-101,Volkswagen Group,Leipzig,Transmission ECU,491,1,Completed
PO-10289,2024-10-16,CUST-102,Mercedes-Benz AG,Dresden,ABS ECU,494,2,Completed
PO-10290,2024-10-17,CUST-100,BMW Group,Nuremberg,Engine ECU,73,2,Completed
PO-10291,2024-10-18,CUST-100,BMW Group,Stuttgart,Transmission ECU,453,0,Completed
PO-10292,2024-10-19,CUST-104,Audi AG,Regensburg,ABS ECU,342,2,Completed
PO-10293,2024-10-20,CUST-101,Volkswagen Group,Stuttgart,Body ECU,53,0,Completed
PO-10294,2024-10-21,CUST-100,BMW Group,Ingolstadt,Battery ECU,269,4,Completed
PO-10295,2024-10-22,CUST-102,Mercedes-Benz AG,Munich,ABS ECU,413,1,Completed
PO-10296,2024-10-23,CUST-103,Porsche AG,Leipzig,ADAS ECU,431,5,Completed
PO-10297,2024-10-24,CUST-100,BMW Group,Hanover,ABS ECU,69,1,Completed
PO-10298,2024-10-25,CUST-102,Mercedes-Benz AG,Munich,ABS ECU,493,1,Shipped
PO-10299,2024-10-26,CUST-100,BMW Group,Hanover,Battery ECU,201,0,Shipped
PO-10300,2024-10-27,CUST-100,BMW Group,Berlin,ADAS ECU,99,1,Shipped
PO-10301,2024-10-28,CUST-102,Mercedes-Benz AG,Regensburg,Transmission ECU,226,2,Completed
PO-10302,2024-10-29,CUST-102,Mercedes-Benz AG,Bremen,Transmission ECU,484,0,Completed
PO-10303,2024-10-30,CUST-102,Mercedes-Benz AG,Dresden,ABS ECU,145,3,Completed
PO-10304,2024-10-31,CUST-103,Porsche AG,Wolfsburg,ADAS ECU,154,4,Completed
PO-10305,2024-11-01,CUST-107,MAN Truck & Bus,Munich,ADAS ECU,469,2,Completed
PO-10306,2024-11-02,CUST-102,Mercedes-Benz AG,Leipzig,Battery ECU,299,5,Shipped
PO-10307,2024-11-03,CUST-101,Volkswagen Group,Stuttgart,Body ECU,166,2,Shipped
PO-10308,2024-11-04,CUST-103,Porsche AG,Leipzig,Transmission ECU,403,3,Completed
PO-10309,2024-11-05,CUST-101,Volkswagen Group,Regensburg,Battery ECU,277,1,Completed
PO-10310,2024-11-06,CUST-101,Volkswagen Group,Berlin,Engine ECU,115,2,Completed
PO-10311,2024-11-07,CUST-100,BMW Group,Hanover,Transmission ECU,384,0,Shipped
PO-10312,2024-11-08,CUST-100,BMW Group,Stuttgart,Battery ECU,467,3,Shipped
PO-10313,2024-11-09,CUST-106,Ford-Werke GmbH,Wolfsburg,Transmission ECU,469,1,Completed
PO-10314,2024-11-10,CUST-104,Audi AG,Wolfsburg,Body ECU,311,3,Completed
PO-10315,2024-11-11,CUST-103,Porsche AG,Munich,Engine ECU,344,3,Shipped
PO-10316,2024-11-12,CUST-101,Volkswagen Group,Regensburg,Body ECU,475,1,Completed
PO-10317,2024-11-13,CUST-100,BMW Group,Bremen,Engine ECU,292,3,Completed
PO-10318,2024-11-14,CUST-100,BMW Group,Regensburg,ABS ECU,420,0,Processing
PO-10319,2024-11-15,CUST-101,Volkswagen Group,Berlin,Battery ECU,235,1,Completed
PO-10320,2024-11-16,CUST-102,Mercedes-Benz AG,Hanover,Engine ECU,295,0,Completed
PO-10321,2024-11-17,CUST-103,Porsche AG,Leipzig,Body ECU,174,2,Completed
PO-10322,2024-11-18,CUST-102,Mercedes-Benz AG,Wolfsburg,Transmission ECU,317,1,Completed
PO-10323,2024-11-19,CUST-101,Volkswagen Group,Leipzig,Engine ECU,180,4,Shipped
PO-10324,2024-11-20,CUST-106,Ford-Werke GmbH,Leipzig,Battery ECU,286,3,Completed
PO-10325,2024-11-21,CUST-103,Porsche AG,Leipzig,Engine ECU,67,1,Processing
PO-10326,2024-11-22,CUST-102,Mercedes-Benz AG,Wolfsburg,ADAS ECU,89,1,Completed
PO-10327,2024-11-23,CUST-102,Mercedes-Benz AG,Berlin,Transmission ECU,70,4,Completed
PO-10328,2024-11-24,CUST-101,Volkswagen Group,Nuremberg,Battery ECU,448,1,Completed
PO-10329,2024-11-25,CUST-100,BMW Group,Ingolstadt,Battery ECU,274,1,Completed
PO-10330,2024-11-26,CUST-101,Volkswagen Group,Hanover,ABS ECU,404,1,Completed
PO-10331,2024-11-27,CUST-103,Porsche AG,Nuremberg,Body ECU,331,3,Completed
PO-10332,2024-11-28,CUST-100,BMW Group,Hanover,ABS ECU,57,1,Completed
PO-10333,2024-11-29,CUST-100,BMW Group,Stuttgart,Battery ECU,149,2,Completed
PO-10334,2024-11-30,CUST-100,BMW Group,Regensburg,Transmission ECU,289,5,Completed
PO-10335,2024-12-01,CUST-100,BMW Group,Regensburg,Engine ECU,136,1,Completed
PO-10336,2024-12-02,CUST-104,Audi AG,Dresden,Engine ECU,347,2,Completed
PO-10337,2024-12-03,CUST-103,Porsche AG,Regensburg,Transmission ECU,477,5,Completed
PO-10338,2024-12-04,CUST-101,Volkswagen Group,Wolfsburg,Battery ECU,63,1,Completed
PO-10339,2024-12-05,CUST-100,BMW Group,Bremen,Engine ECU,383,4,Completed
PO-10340,2024-12-06,CUST-101,Volkswagen Group,Munich,Engine ECU,51,4,Completed
PO-10341,2024-12-07,CUST-101,Volkswagen Group,Dresden,Engine ECU,424,1,Completed
PO-10342,2024-12-08,CUST-100,BMW Group,Munich,Body ECU,342,2,Shipped
PO-10343,2024-12-09,CUST-101,Volkswagen Group,Hanover,Body ECU,374,3,Completed
PO-10344,2024-12-10,CUST-101,Volkswagen Group,Munich,ADAS ECU,471,6,Completed
PO-10345,2024-12-11,CUST-102,Mercedes-Benz AG,Munich,ABS ECU,90,0,Completed
PO-10346,2024-12-12,CUST-102,Mercedes-Benz AG,Dresden,Transmission ECU,367,4,Completed
PO-10347,2024-12-13,CUST-100,BMW Group,Stuttgart,Transmission ECU,365,3,Completed
PO-10348,2024-12-14,CUST-101,Volkswagen Group,Leipzig,Transmission ECU,430,1,Completed
PO-10349,2024-12-15,CUST-102,Mercedes-Benz AG,Regensburg,ADAS ECU,160,4,Completed
PO-10350,2024-12-16,CUST-102,Mercedes-Benz AG,Regensburg,Body ECU,63,1,Shipped
PO-10351,2024-12-17,CUST-104,Audi AG,Wolfsburg,Battery ECU,280,2,Completed
PO-10352,2024-12-18,CUST-102,Mercedes-Benz AG,Dresden,Battery ECU,133,1,Completed
PO-10353,2024-12-19,CUST-100,BMW Group,Wolfsburg,ADAS ECU,179,4,Completed
PO-10354,2024-12-20,CUST-100,BMW Group,Bremen,Battery ECU,280,3,Completed
PO-10355,2024-12-21,CUST-102,Mercedes-Benz AG,Bremen,Transmission ECU,375,6,Completed
PO-10356,2024-12-22,CUST-100,BMW Group,Wolfsburg,ABS ECU,194,1,Completed
PO-10357,2024-12-23,CUST-102,Mercedes-Benz AG,Dresden,Engine ECU,428,2,Completed
PO-10358,2024-12-24,CUST-106,Ford-Werke GmbH,Wolfsburg,Body ECU,394,1,Shipped
PO-10359,2024-12-25,CUST-102,Mercedes-Benz AG,Regensburg,Body ECU,77,2,Completed
PO-10360,2024-12-26,CUST-101,Volkswagen Group,Nuremberg,ADAS ECU,115,3,Shipped
PO-10361,2024-12-27,CUST-102,Mercedes-Benz AG,Ingolstadt,Body ECU,212,3,Completed
PO-10362,2024-12-28,CUST-101,Volkswagen Group,Munich,Transmission ECU,278,0,Completed
PO-10363,2024-12-29,CUST-102,Mercedes-Benz AG,Ingolstadt,Battery ECU,310,1,Completed
PO-10364,2024-12-30,CUST-106,Ford-Werke GmbH,Dresden,Transmission ECU,498,1,Shipped
PO-10365,2024-12-31,CUST-101,Volkswagen Group,Berlin,ADAS ECU,473,4,Completed
PO-10366,2025-01-01,CUST-106,Ford-Werke GmbH,Ingolstadt,Transmission ECU,489,1,Completed
PO-10367,2025-01-02,CUST-105,Opel Automobile GmbH,Bremen,Battery ECU,213,4,Completed
PO-10368,2025-01-03,CUST-100,BMW Group,Hanover,ABS ECU,350,0,Completed
PO-10369,2025-01-04,CUST-100,BMW Group,Munich,ADAS ECU,456,3,Completed
PO-10370,2025-01-05,CUST-100,BMW Group,Leipzig,ABS ECU,352,1,Completed
PO-10371,2025-01-06,CUST-100,BMW Group,Berlin,Engine ECU,336,2,Completed
PO-10372,2025-01-07,CUST-100,BMW Group,Dresden,ABS ECU,444,4,Completed
PO-10373,2025-01-08,CUST-103,Porsche AG,Munich,Engine ECU,59,2,Completed
PO-10374,2025-01-09,CUST-100,BMW Group,Ingolstadt,Engine ECU,244,1,Completed
PO-10375,2025-01-10,CUST-101,Volkswagen Group,Bremen,ABS ECU,167,1,Completed
PO-10376,2025-01-11,CUST-104,Audi AG,Stuttgart,ADAS ECU,319,2,Shipped
PO-10377,2025-01-12,CUST-100,BMW Group,Nuremberg,Battery ECU,129,1,Completed
PO-10378,2025-01-13,CUST-104,Audi AG,Leipzig,Transmission ECU,142,2,Completed
PO-10379,2025-01-14,CUST-101,Volkswagen Group,Berlin,Transmission ECU,315,1,Completed
PO-10380,2025-01-15,CUST-100,BMW Group,Nuremberg,Battery ECU,381,2,Completed
PO-10381,2025-01-16,CUST-103,Porsche AG,Munich,Engine ECU,399,0,Completed
PO-10382,2025-01-17,CUST-102,Mercedes-Benz AG,Bremen,Engine ECU,410,1,Shipped
PO-10383,2025-01-18,CUST-104,Audi AG,Bremen,ADAS ECU,306,4,Completed
PO-10384,2025-01-19,CUST-103,Porsche AG,Ingolstadt,Body ECU,182,3,Completed
PO-10385,2025-01-20,CUST-104,Audi AG,Regensburg,ABS ECU,325,2,Completed
PO-10386,2025-01-21,CUST-101,Volkswagen Group,Ingolstadt,Engine ECU,313,2,Completed
PO-10387,2025-01-22,CUST-100,BMW Group,Regensburg,Transmission ECU,220,1,Completed
PO-10388,2025-01-23,CUST-103,Porsche AG,Regensburg,ADAS ECU,50,5,Shipped
PO-10389,2025-01-24,CUST-104,Audi AG,Leipzig,ABS ECU,362,0,Completed
PO-10390,2025-01-25,CUST-107,MAN Truck & Bus,Ingolstadt,ADAS ECU,113,2,Completed
PO-10391,2025-01-26,CUST-101,Volkswagen Group,Stuttgart,ABS ECU,423,3,Completed
PO-10392,2025-01-27,CUST-101,Volkswagen Group,Berlin,ABS ECU,333,1,Completed
PO-10393,2025-01-28,CUST-103,Porsche AG,Wolfsburg,Battery ECU,170,2,Completed
PO-10394,2025-01-29,CUST-101,Volkswagen Group,Wolfsburg,Engine ECU,156,4,Completed
PO-10395,2025-01-30,CUST-105,Opel Automobile GmbH,Ingolstadt,ADAS ECU,470,3,Completed
PO-10396,2025-01-31,CUST-104,Audi AG,Ingolstadt,ADAS ECU,224,2,Completed
PO-10397,2025-02-01,CUST-101,Volkswagen Group,Nuremberg,Battery ECU,253,1,Completed
PO-10398,2025-02-02,CUST-103,Porsche AG,Berlin,Transmission ECU,214,3,Shipped
PO-10399,2025-02-03,CUST-103,Porsche AG,Berlin,Transmission ECU,354,2,Completed
PO-10400,2025-02-04,CUST-100,BMW Group,Leipzig,Engine ECU,169,1,Completed
PO-10401,2025-02-05,CUST-105,Opel Automobile GmbH,Ingolstadt,Engine ECU,93,0,Completed
PO-10402,2025-02-06,CUST-102,Mercedes-Benz AG,Berlin,Body ECU,361,0,Completed
PO-10403,2025-02-07,CUST-104,Audi AG,Nuremberg,Battery ECU,205,2,Completed
PO-10404,2025-02-08,CUST-101,Volkswagen Group,Regensburg,Transmission ECU,416,0,Completed
PO-10405,2025-02-09,CUST-104,Audi AG,Bremen,ABS ECU,256,1,Completed
PO-10406,2025-02-10,CUST-101,Volkswagen Group,Bremen,ADAS ECU,439,0,Completed
PO-10407,2025-02-11,CUST-100,BMW Group,Regensburg,Engine ECU,157,0,Completed
PO-10408,2025-02-12,CUST-105,Opel Automobile GmbH,Dresden,ADAS ECU,300,2,Completed
PO-10409,2025-02-13,CUST-100,BMW Group,Nuremberg,ADAS ECU,494,2,Shipped
PO-10410,2025-02-14,CUST-101,Volkswagen Group,Berlin,Body ECU,453,4,Completed
PO-10411,2025-02-15,CUST-106,Ford-Werke GmbH,Nuremberg,Transmission ECU,419,4,Completed
PO-10412,2025-02-16,CUST-106,Ford-Werke GmbH,Regensburg,Engine ECU,383,0,Completed
PO-10413,2025-02-17,CUST-102,Mercedes-Benz AG,Stuttgart,ADAS ECU,179,2,Completed
PO-10414,2025-02-18,CUST-102,Mercedes-Benz AG,Hanover,Engine ECU,342,1,Completed
PO-10415,2025-02-19,CUST-101,Volkswagen Group,Munich,ABS ECU,69,2,Shipped
PO-10416,2025-02-20,CUST-101,Volkswagen Group,Regensburg,Body ECU,331,1,Shipped
PO-10417,2025-02-21,CUST-101,Volkswagen Group,Berlin,ABS ECU,334,0,Completed
PO-10418,2025-02-22,CUST-102,Mercedes-Benz AG,Ingolstadt,Engine ECU,50,4,Shipped
PO-10419,2025-02-23,CUST-103,Porsche AG,Ingolstadt,Engine ECU,168,4,Processing
PO-10420,2025-02-24,CUST-103,Porsche AG,Leipzig,Transmission ECU,84,1,Shipped
PO-10421,2025-02-25,CUST-103,Porsche AG,Regensburg,ADAS ECU,247,1,Shipped
PO-10422,2025-02-26,CUST-100,BMW Group,Leipzig,ADAS ECU,294,3,Completed
PO-10423,2025-02-27,CUST-101,Volkswagen Group,Regensburg,ABS ECU,108,6,Completed
PO-10424,2025-02-28,CUST-100,BMW Group,Nuremberg,Body ECU,374,1,Completed
PO-10425,2025-03-01,CUST-102,Mercedes-Benz AG,Munich,Battery ECU,210,1,Completed
PO-10426,2025-03-02,CUST-101,Volkswagen Group,Nuremberg,ADAS ECU,228,3,Processing
PO-10427,2025-03-03,CUST-104,Audi AG,Hanover,Transmission ECU,255,3,Completed
PO-10428,2025-03-04,CUST-101,Volkswagen Group,Bremen,ABS ECU,61,1,Completed
PO-10429,2025-03-05,CUST-100,BMW Group,Wolfsburg,ABS ECU,325,2,Shipped
PO-10430,2025-03-06,CUST-100,BMW Group,Regensburg,Battery ECU,230,2,Shipped
PO-10431,2025-03-07,CUST-103,Porsche AG,Hanover,Transmission ECU,291,1,Processing
PO-10432,2025-03-08,CUST-102,Mercedes-Benz AG,Bremen,Body ECU,265,2,Completed
PO-10433,2025-03-09,CUST-100,BMW Group,Berlin,Transmission ECU,300,2,Completed
PO-10434,2025-03-10,CUST-100,BMW Group,Dresden,Body ECU,348,2,Completed
PO-10435,2025-03-11,CUST-103,Porsche AG,Munich,Transmission ECU,175,2,Completed
PO-10436,2025-03-12,CUST-100,BMW Group,Leipzig,Transmission ECU,266,2,Completed
PO-10437,2025-03-13,CUST-104,Audi AG,Leipzig,Engine ECU,355,1,Completed
PO-10438,2025-03-14,CUST-103,Porsche AG,Nuremberg,ABS ECU,334,1,Completed
PO-10439,2025-03-15,CUST-100,BMW Group,Ingolstadt,Transmission ECU,234,5,Completed
PO-10440,2025-03-16,CUST-100,BMW Group,Bremen,Battery ECU,88,3,Completed
PO-10441,2025-03-17,CUST-107,MAN Truck & Bus,Dresden,Transmission ECU,272,3,Completed
PO-10442,2025-03-18,CUST-101,Volkswagen Group,Hanover,ADAS ECU,233,1,Completed
PO-10443,2025-03-19,CUST-101,Volkswagen Group,Munich,ABS ECU,476,2,Completed
PO-10444,2025-03-20,CUST-104,Audi AG,Bremen,ADAS ECU,227,7,Completed
PO-10445,2025-03-21,CUST-106,Ford-Werke GmbH,Dresden,ABS ECU,456,2,Completed
PO-10446,2025-03-22,CUST-107,MAN Truck & Bus,Wolfsburg,ADAS ECU,477,2,Completed
PO-10447,2025-03-23,CUST-103,Porsche AG,Regensburg,Transmission ECU,343,3,Completed
PO-10448,2025-03-24,CUST-101,Volkswagen Group,Leipzig,Transmission ECU,389,0,Shipped
PO-10449,2025-03-25,CUST-100,BMW Group,Hanover,Engine ECU,200,2,Completed
PO-10450,2025-03-26,CUST-103,Porsche AG,Leipzig,Battery ECU,433,2,Completed
PO-10451,2025-03-27,CUST-102,Mercedes-Benz AG,Hanover,ADAS ECU,175,2,Completed
PO-10452,2025-03-28,CUST-101,Volkswagen Group,Nuremberg,Body ECU,350,1,Shipped
PO-10453,2025-03-29,CUST-105,Opel Automobile GmbH,Ingolstadt,Engine ECU,357,2,Completed
PO-10454,2025-03-30,CUST-100,BMW Group,Hanover,ADAS ECU,385,1,Completed
PO-10455,2025-03-31,CUST-101,Volkswagen Group,Leipzig,ADAS ECU,483,2,Processing
PO-10456,2025-04-01,CUST-100,BMW Group,Nuremberg,Engine ECU,283,2,Completed
PO-10457,2025-04-02,CUST-101,Volkswagen Group,Hanover,Transmission ECU,429,5,Completed
PO-10458,2025-04-03,CUST-100,BMW Group,Wolfsburg,ADAS ECU,424,2,Completed
PO-10459,2025-04-04,CUST-100,BMW Group,Ingolstadt,Transmission ECU,57,2,Completed
PO-10460,2025-04-05,CUST-100,BMW Group,Hanover,Engine ECU,390,1,Completed
PO-10461,2025-04-06,CUST-102,Mercedes-Benz AG,Nuremberg,Transmission ECU,178,1,Completed
PO-10462,2025-04-07,CUST-103,Porsche AG,Berlin,ABS ECU,313,0,Shipped
PO-10463,2025-04-08,CUST-102,Mercedes-Benz AG,Bremen,Body ECU,206,0,Shipped
PO-10464,2025-04-09,CUST-106,Ford-Werke GmbH,Stuttgart,ADAS ECU,401,2,Completed
PO-10465,2025-04-10,CUST-101,Volkswagen Group,Dresden,Battery ECU,407,4,Completed
PO-10466,2025-04-11,CUST-101,Volkswagen Group,Stuttgart,Body ECU,54,2,Completed
PO-10467,2025-04-12,CUST-104,Audi AG,Berlin,Transmission ECU,135,5,Processing
PO-10468,2025-04-13,CUST-100,BMW Group,Stuttgart,ADAS ECU,224,1,Processing
PO-10469,2025-04-14,CUST-106,Ford-Werke GmbH,Berlin,Transmission ECU,339,1,Completed
PO-10470,2025-04-15,CUST-100,BMW Group,Munich,ABS ECU,242,2,Shipped
PO-10471,2025-04-16,CUST-106,Ford-Werke GmbH,Berlin,Engine ECU,360,0,Completed
PO-10472,2025-04-17,CUST-100,BMW Group,Berlin,ADAS ECU,168,0,Completed
PO-10473,2025-04-18,CUST-104,Audi AG,Berlin,ABS ECU,267,4,Completed
PO-10474,2025-04-19,CUST-102,Mercedes-Benz AG,Wolfsburg,ABS ECU,476,3,Completed
PO-10475,2025-04-20,CUST-107,MAN Truck & Bus,Bremen,ADAS ECU,463,1,Completed
PO-10476,2025-04-21,CUST-100,BMW Group,Regensburg,Transmission ECU,163,2,Completed
PO-10477,2025-04-22,CUST-102,Mercedes-Benz AG,Hanover,Battery ECU,194,0,Completed
PO-10478,2025-04-23,CUST-106,Ford-Werke GmbH,Dresden,ABS ECU,75,0,Shipped
PO-10479,2025-04-24,CUST-102,Mercedes-Benz AG,Ingolstadt,Body ECU,185,1,Completed
PO-10480,2025-04-25,CUST-102,Mercedes-Benz AG,Bremen,ABS ECU,352,2,Completed
PO-10481,2025-04-26,CUST-103,Porsche AG,Leipzig,Battery ECU,281,2,Completed
PO-10482,2025-04-27,CUST-101,Volkswagen Group,Regensburg,Transmission ECU,418,1,Completed
PO-10483,2025-04-28,CUST-102,Mercedes-Benz AG,Munich,Transmission ECU,125,0,Completed
PO-10484,2025-04-29,CUST-102,Mercedes-Benz AG,Munich,Body ECU,377,3,Completed
PO-10485,2025-04-30,CUST-105,Opel Automobile GmbH,Berlin,ABS ECU,394,3,Completed
PO-10486,2025-05-01,CUST-100,BMW Group,Bremen,Transmission ECU,351,3,Completed
PO-10487,2025-05-02,CUST-101,Volkswagen Group,Nuremberg,Battery ECU,338,5,Completed
PO-10488,2025-05-03,CUST-106,Ford-Werke GmbH,Stuttgart,ADAS ECU,50,2,Completed
PO-10489,2025-05-04,CUST-104,Audi AG,Leipzig,Engine ECU,196,2,Completed
PO-10490,2025-05-05,CUST-101,Volkswagen Group,Munich,Engine ECU,336,3,Completed
PO-10491,2025-05-06,CUST-102,Mercedes-Benz AG,Dresden,Engine ECU,191,2,Completed
PO-10492,2025-05-07,CUST-101,Volkswagen Group,Munich,ABS ECU,102,2,Shipped
PO-10493,2025-05-08,CUST-100,BMW Group,Ingolstadt,Body ECU,353,2,Completed
PO-10494,2025-05-09,CUST-101,Volkswagen Group,Hanover,Transmission ECU,118,6,Completed
PO-10495,2025-05-10,CUST-101,Volkswagen Group,Munich,ADAS ECU,410,4,Completed
PO-10496,2025-05-11,CUST-102,Mercedes-Benz AG,Ingolstadt,Battery ECU,139,1,Completed
PO-10497,2025-05-12,CUST-100,BMW Group,Bremen,ADAS ECU,495,6,Completed
PO-10498,2025-05-13,CUST-107,MAN Truck & Bus,Bremen,Battery ECU,269,1,Shipped
PO-10499,2025-05-14,CUST-107,MAN Truck & Bus,Regensburg,ABS ECU,499,3,Shipped
